Word,Count
in,5
for,5
j,3
\"\)\,3
+,3
\"\,\,3
sorted(dictionary.keys()):,2
\target.write("\\n"\)\,2
i,2
sorted(dictionary[i].keys()):,2
print,1
target,1
\dict_to_csv(filename,\,1
an,1
-1):,1
target.close(),1
dictionary):,1
'w'),1
else:,1
github.com/mavroudisv/TorEncStats.git,1
part_size):,1
files:,1
\open(filename,\,1
\,\,1
\github.com/mavroudisv/TorEncStats.git',\,1
attempt,1
\',\,1
break,1
warn_only=True),1
target.write(dictionary[i][j],1
==,1
def,1
main(),1
\target.write("\\,1
__name__,1
=,1
os.remove(f),1
'),1
target.write(,1
\"\Please\,1
\"\),\,1
\argument."\\,1
github.com/mavroudisv/TorEncStats.git'),1
provide,1
target.write(i,1
\"\__main__"\:\,1
part_size,1
if,1
'profiling_results/'),1
f,1
